,MORTGAGE,RENT,ELECTRICITY,GAS,EAT-IN,PHONE,HLTH & WELL,VET,CITY,STATE,School Name,REGION,Starting Median Salary,Mid-Career Median Salary,Mid-Career 10th Percentile Salary,Mid-Career 25th Percentile Salary,Mid-Career 75th Percentile Salary,Mid-Career 90th Percentile Salary,url
0,247758.0,776.12,154.08,2.18,13.319999999999999,164.24,680.75,46.79,Oklahoma City,Oklahoma,University-of-Oklahoma,Southern,"$44,700.00-","$82,900.00-","$41,200.00-","$60,300.00-","$114,000.00-","$167,000.00-",https://www.payscale.com/cost-of-living-calculator/Oklahoma-Oklahoma-City
1,247758.0,776.12,154.08,2.18,13.319999999999999,164.24,680.75,46.79,Oklahoma City,Oklahoma,Oklahoma-State-University,Southern,"$42,800.00-","$80,700.00-","$40,100.00-","$56,500.00-","$114,000.00-","$151,000.00-",https://www.payscale.com/cost-of-living-calculator/Oklahoma-Oklahoma-City
2,247758.0,776.12,154.08,2.18,13.319999999999999,164.24,680.75,46.79,Oklahoma City,Oklahoma,Oklahoma-City-University,Southern,"$40,000.00-","$64,300.00-",,"$45,400.00-","$80,600.00-",,https://www.payscale.com/cost-of-living-calculator/Oklahoma-Oklahoma-City
3,259903.0,814.16,183.42,2.5,14.38,195.52,654.49,48.02,Lafayette,Louisiana,University-of-Louisiana-(UL)-at-Lafayette,Southern,"$41,100.00-","$76,300.00-","$42,000.00-","$54,500.00-","$107,000.00-","$163,000.00-",https://www.payscale.com/cost-of-living-calculator/Louisiana-Lafayette
4,463245.0,1451.0,156.76,2.75,14.370000000000001,167.1,790.34,55.28,Denver,Colorado,University-of-Colorado---Denver,Western,"$46,100.00-","$84,400.00-","$46,400.00-","$58,600.00-","$105,000.00-","$144,000.00-",https://www.payscale.com/cost-of-living-calculator/Colorado-Denver
5,463245.0,1451.0,156.76,2.75,14.370000000000001,167.1,790.34,55.28,Denver,Colorado,Regis-University,Western,"$48,300.00-","$73,800.00-","$41,000.00-","$55,500.00-","$94,800.00-","$117,000.00-",https://www.payscale.com/cost-of-living-calculator/Colorado-Denver
6,987211.0,3093.0,180.74,3.42,16.45,192.66,824.87,54.97,Pasadena,California,California-Institute-of-Technology-(CIT),California,"$75,500.00-","$123,000.00-",,"$104,000.00-","$161,000.00-",,https://www.payscale.com/cost-of-living-calculator/California-Pasadena
7,343877.0,1077.0,162.63,2.85,14.899999999999999,173.36,631.23,43.29,Akron,Ohio,University-of-Akron,Midwestern,"$41,100.00-","$70,300.00-","$40,600.00-","$53,300.00-","$95,200.00-","$127,000.00-",https://www.payscale.com/cost-of-living-calculator/Ohio-Akron
8,285928.0,895.69,161.29,2.68,14.329999999999998,171.93,759.5600000000001,49.46,Carbondale,Illinois,Southern-Illinois-University-Carbondale,Midwestern,"$43,000.00-","$72,500.00-","$38,300.00-","$51,300.00-","$99,300.00-","$139,000.00-",https://www.payscale.com/cost-of-living-calculator/Illinois-Carbondale
9,1146835.0,3593.0,182.92,3.51,18.87,194.98,901.42,62.84,San Francisco,California,San-Francisco-State-University-(SFSU),California,"$47,300.00-","$86,400.00-","$45,100.00-","$62,700.00-","$114,000.00-","$150,000.00-",https://www.payscale.com/cost-of-living-calculator/California-San-Francisco
10,859866.0,2694.0,162.13,2.73,16.14,172.82,724.3,50.44,Washington,DC,Georgetown-University,Southern,"$55,000.00-","$110,000.00-","$60,300.00-","$85,800.00-","$174,000.00-","$248,000.00-",https://www.payscale.com/cost-of-living-calculator/DC-Washington
11,859866.0,2694.0,162.13,2.73,16.14,172.82,724.3,50.44,Washington,DC,George-Washington-University-(GWU),Southern,"$47,000.00-","$97,900.00-","$48,400.00-","$69,600.00-","$132,000.00-","$194,000.00-",https://www.payscale.com/cost-of-living-calculator/DC-Washington
12,859866.0,2694.0,162.13,2.73,16.14,172.82,724.3,50.44,Washington,DC,"American-University,-Washington-D.C.",Southern,"$45,300.00-","$90,800.00-","$45,200.00-","$62,400.00-","$134,000.00-","$169,000.00-",https://www.payscale.com/cost-of-living-calculator/DC-Washington
13,859866.0,2694.0,162.13,2.73,16.14,172.82,724.3,50.44,Washington,DC,Howard-University,Southern,"$46,900.00-","$81,800.00-","$43,300.00-","$60,000.00-","$109,000.00-","$138,000.00-",https://www.payscale.com/cost-of-living-calculator/DC-Washington
14,282805.0,885.91,177.55,2.53,12.139999999999999,189.26,695.78,49.0,Waco,Texas,Baylor-University,Southern,"$48,300.00-","$88,600.00-","$46,300.00-","$60,700.00-","$130,000.00-","$200,000.00-",https://www.payscale.com/cost-of-living-calculator/Texas-Waco
15,320281.0,1003.0,130.77,2.8,14.309999999999999,139.4,695.78,49.26,Salt Lake City,Utah,University-of-Utah,Western,"$45,400.00-","$83,200.00-","$43,000.00-","$58,400.00-","$116,000.00-","$148,000.00-",https://www.payscale.com/cost-of-living-calculator/Utah-Salt-Lake-City
16,321322.0,1007.0,199.68,2.76,14.510000000000002,212.86,662.74,50.9,Harrisburg,Pennsylvania,Penn-State---Harrisburg,Northeastern,"$45,700.00-","$74,000.00-","$44,000.00-","$53,100.00-","$104,000.00-","$150,000.00-",https://www.payscale.com/cost-of-living-calculator/Pennsylvania-Harrisburg
17,2140883.0,6706.0,181.74,3.16,21.68,193.73,1017.01,65.26,Stanford,California,Stanford-University,California,"$70,400.00-","$129,000.00-","$68,400.00-","$93,100.00-","$184,000.00-","$257,000.00-",https://www.payscale.com/cost-of-living-calculator/California-Stanford
18,337631.0,1058.0,190.63,2.54,16.14,203.2,914.1800000000001,59.65,Tacoma,Washington,University-of-Puget-Sound,Western,"$46,600.00-","$81,500.00-","$48,900.00-","$60,100.00-","$104,000.00-","$137,000.00-",https://www.payscale.com/cost-of-living-calculator/Washington-Tacoma
19,370596.0,1161.0,141.84,2.95,14.68,151.2,827.11,58.21,Reno,Nevada,"University-of-Nevada,-Reno-(UNR)",Western,"$46,500.00-","$82,900.00-","$41,900.00-","$54,600.00-","$113,000.00-","$143,000.00-",https://www.payscale.com/cost-of-living-calculator/Nevada-Reno
20,828384.0,2595.0,208.74,3.0,17.05,222.51,793.34,55.18,Collegeville,Pennsylvania,Ursinus-College,Northeastern,"$42,100.00-","$80,000.00-","$35,600.00-","$54,300.00-","$100,000.00-","$160,000.00-",https://www.payscale.com/cost-of-living-calculator/Pennsylvania-Collegeville
21,320281.0,1003.0,126.75,2.93,14.23,135.11,851.8900000000001,50.23,Spokane,Washington,Gonzaga-University,Western,"$44,900.00-","$76,000.00-","$47,000.00-","$57,400.00-","$103,000.00-","$138,000.00-",https://www.payscale.com/cost-of-living-calculator/Washington-Spokane
22,717943.0,2249.0,236.57,2.89,15.52,252.17,1014.76,66.81,Boston,Massachusetts,Wentworth-Institute-of-Technology,Northeastern,"$53,000.00-","$96,700.00-","$55,200.00-","$74,000.00-","$117,000.00-","$153,000.00-",https://www.payscale.com/cost-of-living-calculator/Massachusetts-Boston
23,717943.0,2249.0,236.57,2.89,15.52,252.17,1014.76,66.81,Boston,Massachusetts,Boston-University,Northeastern,"$49,000.00-","$93,900.00-","$48,000.00-","$64,900.00-","$130,000.00-","$193,000.00-",https://www.payscale.com/cost-of-living-calculator/Massachusetts-Boston
24,717943.0,2249.0,236.57,2.89,15.52,252.17,1014.76,66.81,Boston,Massachusetts,Northeastern-University,Northeastern,"$50,500.00-","$86,400.00-","$47,100.00-","$62,700.00-","$117,000.00-","$159,000.00-",https://www.payscale.com/cost-of-living-calculator/Massachusetts-Boston
25,717943.0,2249.0,236.57,2.89,15.52,252.17,1014.76,66.81,Boston,Massachusetts,University-of-Massachusetts-(UMass)---Boston,Northeastern,"$45,600.00-","$78,200.00-","$36,300.00-","$53,800.00-","$109,000.00-","$151,000.00-",https://www.payscale.com/cost-of-living-calculator/Massachusetts-Boston
26,717943.0,2249.0,236.57,2.89,15.52,252.17,1014.76,66.81,Boston,Massachusetts,Suffolk-University,Northeastern,"$42,100.00-","$74,000.00-","$48,700.00-","$57,800.00-","$95,100.00-","$145,000.00-",https://www.payscale.com/cost-of-living-calculator/Massachusetts-Boston
27,326527.0,1023.0,171.18,2.82,13.319999999999999,182.47,707.02,50.03,Detroit,Michigan,Wayne-State-University,Midwestern,"$42,800.00-","$76,100.00-","$40,100.00-","$56,200.00-","$101,000.00-","$139,000.00-",https://www.payscale.com/cost-of-living-calculator/Michigan-Detroit
28,376148.0,1178.0,151.23,2.96,15.260000000000002,161.21,770.83,51.52,Las Vegas,Nevada,"University-of-Nevada,-Las-Vegas-(UNLV)",Western,"$45,200.00-","$71,600.00-","$39,000.00-","$52,400.00-","$100,000.00-","$128,000.00-",https://www.payscale.com/cost-of-living-calculator/Nevada-Las-Vegas
29,299808.0,939.17,169.0,2.38,14.02,180.15,628.96,47.2,Birmingham,Alabama,University-of-Alabama-at-Birmingham-(UAB),Southern,"$39,200.00-","$70,100.00-","$43,000.00-","$53,400.00-","$91,400.00-","$125,000.00-",https://www.payscale.com/cost-of-living-calculator/Alabama-Birmingham
30,343530.0,1076.0,179.56,3.4,15.79,191.41,884.9100000000001,49.77,Olympia,Washington,Evergreen-State-College,Western,"$39,500.00-","$63,900.00-","$38,800.00-","$47,200.00-","$91,600.00-","$120,000.00-",https://www.payscale.com/cost-of-living-calculator/Washington-Olympia
31,268231.0,840.25,144.19,2.68,16.71,153.7,875.1600000000001,52.91,St. Cloud,Minnesota,St.-Cloud-State-University,Midwestern,"$41,800.00-","$71,400.00-","$38,700.00-","$49,400.00-","$101,000.00-","$126,000.00-",https://www.payscale.com/cost-of-living-calculator/Minnesota-St.-Cloud
32,363656.0,1139.0,152.74,2.82,15.649999999999999,162.81,784.34,55.07,Minneapolis,Minnesota,St.-Olaf-College,Midwestern,"$45,300.00-","$86,200.00-","$41,300.00-","$61,000.00-","$120,000.00-","$185,000.00-",https://www.payscale.com/cost-of-living-calculator/Minnesota-Minneapolis
33,308136.0,965.26,144.02,2.4,13.84,153.52,755.06,48.48,Omaha,Nebraska,University-of-Nebraska-at-Omaha,Midwestern,"$41,500.00-","$72,600.00-","$39,500.00-","$54,400.00-","$97,400.00-","$126,000.00-",https://www.payscale.com/cost-of-living-calculator/Nebraska-Omaha
34,788384.0,2470.0,180.74,3.42,16.45,192.66,824.87,54.97,Los Angeles,California,Occidental-College,California,"$51,900.00-","$105,000.00-",,"$54,800.00-","$157,000.00-",,https://www.payscale.com/cost-of-living-calculator/California-Los-Angeles
35,788384.0,2470.0,180.74,3.42,16.45,192.66,824.87,54.97,Los Angeles,California,University-of-California-at-Los-Angeles-(UCLA),California,"$52,600.00-","$101,000.00-","$51,300.00-","$72,500.00-","$139,000.00-","$193,000.00-",https://www.payscale.com/cost-of-living-calculator/California-Los-Angeles
36,788384.0,2470.0,180.74,3.42,16.45,192.66,824.87,54.97,Los Angeles,California,University-of-Southern-California-(USC),California,"$54,800.00-","$99,600.00-","$49,700.00-","$73,800.00-","$140,000.00-","$201,000.00-",https://www.payscale.com/cost-of-living-calculator/California-Los-Angeles
37,475397.0,1489.0,181.74,2.76,18.83,193.73,875.1600000000001,63.1,West Haven,Connecticut,University-of-New-Haven,Northeastern,"$44,400.00-","$82,900.00-","$48,500.00-","$66,100.00-","$113,000.00-","$157,000.00-",https://www.payscale.com/cost-of-living-calculator/Connecticut-West-Haven
38,572175.0,1792.0,175.54,2.68,16.32,187.12,759.5600000000001,54.56,Oberlin,Ohio,Oberlin-College,Midwestern,"$43,400.00-","$81,600.00-",,"$46,400.00-","$128,000.00-",,https://www.payscale.com/cost-of-living-calculator/Ohio-Oberlin
39,316117.0,990.26,199.01,2.7,15.21,212.14,740.06,48.74,Gainesville,Florida,University-of-Florida-(UF),Southern,"$47,100.00-","$87,900.00-","$45,400.00-","$62,900.00-","$120,000.00-","$172,000.00-",https://www.payscale.com/cost-of-living-calculator/Florida-Gainesville
40,364003.0,1140.0,174.87,2.59,13.93,186.4,759.5600000000001,52.65,Dallas,Texas,Dallas-Baptist-University,Southern,"$39,400.00-","$60,200.00-","$38,500.00-","$50,300.00-","$81,800.00-","$98,100.00-",https://www.payscale.com/cost-of-living-calculator/Texas-Dallas
41,316747.0,992.23,195.49,2.82,14.73,208.39,808.35,56.77,Brunswick,Maine,Bowdoin-College,Northeastern,"$48,100.00-","$107,000.00-",,"$74,600.00-","$146,000.00-",,https://www.payscale.com/cost-of-living-calculator/Maine-Brunswick
42,620783.0,1945.0,130.77,2.78,16.91,139.4,803.85,60.53,Portland,Oregon,Reed-College,Western,"$40,500.00-","$81,100.00-",,"$67,400.00-","$101,000.00-",,https://www.payscale.com/cost-of-living-calculator/Oregon-Portland
43,620783.0,1945.0,130.77,2.78,16.91,139.4,803.85,60.53,Portland,Oregon,Lewis-&-Clark-College,Western,"$38,900.00-","$72,600.00-","$38,200.00-","$53,400.00-","$104,000.00-","$140,000.00-",https://www.payscale.com/cost-of-living-calculator/Oregon-Portland
44,620783.0,1945.0,130.77,2.78,16.91,139.4,803.85,60.53,Portland,Oregon,Portland-State-University-(PSU),Western,"$42,600.00-","$70,900.00-","$40,700.00-","$52,300.00-","$94,400.00-","$123,000.00-",https://www.payscale.com/cost-of-living-calculator/Oregon-Portland
45,580412.0,1818.0,168.83,2.59,13.53,179.97,737.05,47.82,East Lansing,Michigan,Michigan-State-University-(MSU),Midwestern,"$46,300.00-","$85,300.00-","$44,200.00-","$61,500.00-","$119,000.00-","$170,000.00-",https://www.payscale.com/cost-of-living-calculator/Michigan-East-Lansing
46,304319.0,953.3,159.11,2.63,14.100000000000001,169.61,661.24,53.37,Bloomington,Indiana,"Indiana-University-(IU),-Bloomington",Midwestern,"$46,300.00-","$84,000.00-","$43,600.00-","$60,400.00-","$119,000.00-","$178,000.00-",https://www.payscale.com/cost-of-living-calculator/Indiana-Bloomington
47,307789.0,964.17,178.22,2.4,12.97,189.98,809.8599999999999,52.09,Richmond,Virginia,Virginia-Commonwealth-University-(VCU),Southern,"$42,000.00-","$68,400.00-","$37,400.00-","$51,900.00-","$100,000.00-","$123,000.00-",https://www.payscale.com/cost-of-living-calculator/Virginia-Richmond
48,889164.0,2785.0,149.72,3.2,17.13,159.6,778.3399999999999,56.15,Davis,California,"University-of-California,-Davis",California,"$52,300.00-","$99,600.00-","$52,000.00-","$71,600.00-","$135,000.00-","$202,000.00-",https://www.payscale.com/cost-of-living-calculator/California-Davis
49,374066.0,1172.0,129.1,2.49,14.94,137.61,773.8299999999999,51.88,Bozeman,Montana,Montana-State-University---Bozeman,Western,"$46,600.00-","$77,500.00-","$40,200.00-","$58,100.00-","$111,000.00-","$151,000.00-",https://www.payscale.com/cost-of-living-calculator/Montana-Bozeman
50,309524.0,969.6,154.58,2.53,14.74,164.78,655.24,50.34,Jacksonville,Florida,Jacksonville-University,Southern,"$46,700.00-","$66,200.00-","$36,700.00-","$47,200.00-","$88,500.00-","$121,000.00-",https://www.payscale.com/cost-of-living-calculator/Florida-Jacksonville
51,391407.0,1226.0,161.12,2.39,14.29,171.75,733.29,48.23,Tempe,Arizona,Arizona-State-University-(ASU),Western,"$47,400.00-","$84,100.00-","$44,600.00-","$60,700.00-","$114,000.00-","$163,000.00-",https://www.payscale.com/cost-of-living-calculator/Arizona-Tempe
52,1109025.0,3474.0,201.36,2.99,16.27,214.64,901.42,66.24,Cambridge,Massachusetts,Massachusetts-Institute-of-Technology-(MIT),Northeastern,"$72,200.00-","$126,000.00-","$76,800.00-","$99,200.00-","$168,000.00-","$220,000.00-",https://www.payscale.com/cost-of-living-calculator/Massachusetts-Cambridge
53,1109025.0,3474.0,201.36,2.99,16.27,214.64,901.42,66.24,Cambridge,Massachusetts,Harvard-University,Northeastern,"$63,400.00-","$124,000.00-","$54,800.00-","$86,200.00-","$179,000.00-","$288,000.00-",https://www.payscale.com/cost-of-living-calculator/Massachusetts-Cambridge
54,262332.0,821.77,147.04,2.31,12.139999999999999,156.74,681.51,48.74,San Antonio,Texas,University-of-Texas-at-San-Antonio-(UTSA),Southern,"$42,500.00-","$70,700.00-","$39,100.00-","$49,800.00-","$92,700.00-","$121,000.00-",https://www.payscale.com/cost-of-living-calculator/Texas-San-Antonio
55,354160.0,1109.0,179.9,2.54,14.2,191.77,703.28,49.36,West Lafayette,Indiana,Purdue-University,Midwestern,"$51,400.00-","$90,500.00-","$49,900.00-","$67,400.00-","$121,000.00-","$168,000.00-",https://www.payscale.com/cost-of-living-calculator/Indiana-West-Lafayette
56,327915.0,1027.0,168.67,2.74,13.61,179.79,732.55,57.54,Fort Worth,Texas,Texas-Christian-University-(TCU),Southern,"$45,100.00-","$78,100.00-","$42,600.00-","$56,600.00-","$122,000.00-","$183,000.00-",https://www.payscale.com/cost-of-living-calculator/Texas-Fort-Worth
57,258515.0,809.81,173.53,2.34,14.99,184.98,640.23,52.09,Auburn,Alabama,Auburn-University,Southern,"$45,400.00-","$84,700.00-","$45,400.00-","$62,700.00-","$109,000.00-","$145,000.00-",https://www.payscale.com/cost-of-living-calculator/Alabama-Auburn
58,319587.0,1001.0,180.74,2.57,14.709999999999999,192.66,742.3,53.48,Kansas City,Missouri,University-of-Missouri---Kansas-City-(UMKC),Midwestern,"$38,900.00-","$65,800.00-","$36,300.00-","$48,100.00-","$95,800.00-","$124,000.00-",https://www.payscale.com/cost-of-living-calculator/Missouri-Kansas-City
59,281764.0,882.64,149.55,2.66,13.68,159.42,682.26,48.95,Grand Rapids,Michigan,Davenport-University,Midwestern,"$39,700.00-","$46,600.00-","$31,600.00-","$38,100.00-","$65,600.00-","$85,700.00-",https://www.payscale.com/cost-of-living-calculator/Michigan-Grand-Rapids
60,435485.0,1364.0,134.8,3.15,15.46,143.69,866.9,58.88,Bellingham,Washington,Western-Washington-University,Western,"$42,700.00-","$75,400.00-","$41,300.00-","$56,700.00-","$99,200.00-","$119,000.00-",https://www.payscale.com/cost-of-living-calculator/Washington-Bellingham
61,299114.0,936.99,129.94,2.59,13.54,138.51,750.56,49.1,Longview,Texas,LeTourneau-University,Southern,"$49,500.00-","$73,800.00-","$41,200.00-","$52,700.00-","$95,200.00-","$126,000.00-",https://www.payscale.com/cost-of-living-calculator/Texas-Longview
62,252269.0,790.25,192.31,2.62,15.34,204.99,766.3199999999999,49.98,St. Louis,Missouri,University-of-Missouri---St.-Louis-(UMSL),Midwestern,"$41,400.00-","$67,100.00-","$36,800.00-","$49,600.00-","$97,600.00-","$144,000.00-",https://www.payscale.com/cost-of-living-calculator/Missouri-St.-Louis
63,426463.0,1336.0,173.03,2.67,16.34,184.44,790.34,52.96,Williamstown,Massachusetts,Williams-College,Northeastern,"$51,700.00-","$102,000.00-",,"$76,400.00-","$143,000.00-",,https://www.payscale.com/cost-of-living-calculator/Massachusetts-Williamstown
64,325833.0,1021.0,179.73,2.49,14.370000000000001,191.59,851.1299999999999,48.74,Milwaukee,Wisconsin,Marquette-University,Midwestern,"$48,500.00-","$88,400.00-","$49,500.00-","$67,400.00-","$121,000.00-","$184,000.00-",https://www.payscale.com/cost-of-living-calculator/Wisconsin-Milwaukee
65,325833.0,1021.0,179.73,2.49,14.370000000000001,191.59,851.1299999999999,48.74,Milwaukee,Wisconsin,University-of-Wisconsin-(UW)---Milwaukee,Midwestern,"$42,300.00-","$74,600.00-","$40,600.00-","$54,000.00-","$93,700.00-","$123,000.00-",https://www.payscale.com/cost-of-living-calculator/Wisconsin-Milwaukee
66,327568.0,1026.0,143.01,2.64,15.43,152.45,806.8499999999999,52.5,Atlanta,Georgia,Georgia-Institute-of-Technology,Southern,"$58,300.00-","$106,000.00-","$67,200.00-","$85,200.00-","$137,000.00-","$183,000.00-",https://www.payscale.com/cost-of-living-calculator/Georgia-Atlanta
67,327568.0,1026.0,143.01,2.64,15.43,152.45,806.8499999999999,52.5,Atlanta,Georgia,Emory-University,Southern,"$52,000.00-","$91,600.00-","$52,500.00-","$63,300.00-","$128,000.00-","$192,000.00-",https://www.payscale.com/cost-of-living-calculator/Georgia-Atlanta
68,327568.0,1026.0,143.01,2.64,15.43,152.45,806.8499999999999,52.5,Atlanta,Georgia,Georgia-State-University,Southern,"$41,800.00-","$74,000.00-","$43,000.00-","$55,300.00-","$99,900.00-","$145,000.00-",https://www.payscale.com/cost-of-living-calculator/Georgia-Atlanta
69,302584.0,947.86,137.65,2.42,14.2,146.73,852.64,54.25,Baton Rouge,Louisiana,Louisiana-State-University-(LSU),Southern,"$46,900.00-","$87,800.00-","$43,700.00-","$61,300.00-","$120,000.00-","$165,000.00-",https://www.payscale.com/cost-of-living-calculator/Louisiana-Baton-Rouge
70,363656.0,1139.0,185.43,2.54,12.74,197.66,684.51,48.64,Houston,Texas,Rice-University,Southern,"$64,000.00-","$110,000.00-","$55,900.00-","$82,100.00-","$141,000.00-","$216,000.00-",https://www.payscale.com/cost-of-living-calculator/Texas-Houston
71,363656.0,1139.0,185.43,2.54,12.74,197.66,684.51,48.64,Houston,Texas,University-of-Houston-(UH),Southern,"$46,000.00-","$79,900.00-","$42,000.00-","$56,200.00-","$106,000.00-","$141,000.00-",https://www.payscale.com/cost-of-living-calculator/Texas-Houston
72,509743.0,1597.0,199.68,2.92,16.43,212.86,784.34,55.18,Burlington,Vermont,University-of-Vermont-(UVM),Northeastern,"$44,800.00-","$82,700.00-","$44,700.00-","$58,000.00-","$122,000.00-","$194,000.00-",https://www.payscale.com/cost-of-living-calculator/Vermont-Burlington
73,309524.0,969.6,175.2,2.45,13.01,186.76,740.8,52.45,Lexington,Virginia,Washington-and-Lee-University,Southern,"$53,600.00-","$104,000.00-",,"$82,800.00-","$146,000.00-",,https://www.payscale.com/cost-of-living-calculator/Virginia-Lexington
74,467409.0,1464.0,181.74,2.76,18.83,193.73,875.1600000000001,63.1,New Haven,Connecticut,Yale-University,Northeastern,"$59,100.00-","$126,000.00-","$58,000.00-","$80,600.00-","$198,000.00-","$326,000.00-",https://www.payscale.com/cost-of-living-calculator/Connecticut-New-Haven
75,67630.0,211.86,149.72,2.4,13.629999999999999,159.6,755.8199999999999,48.18,Notre Dame,Indiana,University-of-Notre-Dame,Midwestern,"$56,300.00-","$116,000.00-","$66,400.00-","$85,100.00-","$163,000.00-","$235,000.00-",https://www.payscale.com/cost-of-living-calculator/Indiana-Notre-Dame
76,788384.0,2470.0,180.74,3.42,16.45,192.66,824.87,54.97,Long Beach,California,"California-State-University,-Long-Beach-(CSULB)",California,"$45,100.00-","$84,700.00-","$47,400.00-","$62,500.00-","$113,000.00-","$154,000.00-",https://www.payscale.com/cost-of-living-calculator/California-Long-Beach
77,251228.0,786.99,152.57,2.56,14.68,162.64,893.16,53.63,Mankato,Minnesota,Minnesota-State-University---Mankato,Midwestern,"$43,300.00-","$74,700.00-","$39,500.00-","$53,800.00-","$95,700.00-","$140,000.00-",https://www.payscale.com/cost-of-living-calculator/Minnesota-Mankato
78,353246.0,1107.0,147.04,2.44,12.88,156.74,746.0600000000001,51.88,Austin,Texas,University-of-Texas-(UT)---Austin,Southern,"$49,700.00-","$93,900.00-","$50,100.00-","$67,400.00-","$129,000.00-","$188,000.00-",https://www.payscale.com/cost-of-living-calculator/Texas-Austin
79,229714.0,719.59,197.34,2.3,12.950000000000001,210.35,833.88,51.93,Blacksburg,Virginia,Virginia-Polytechnic-Institute-and-State-University-(Virginia-Tech),Southern,"$53,500.00-","$95,400.00-","$50,600.00-","$71,400.00-","$124,000.00-","$163,000.00-",https://www.payscale.com/cost-of-living-calculator/Virginia-Blacksburg
80,199501.0,624.95,157.1,2.57,16.2,167.46,935.2,48.9,Ypsilanti,Michigan,Eastern-Michigan-University,Midwestern,"$40,300.00-","$72,100.00-","$37,900.00-","$52,800.00-","$95,400.00-","$135,000.00-",https://www.payscale.com/cost-of-living-calculator/Michigan-Ypsilanti
81,305013.0,955.47,143.68,2.81,13.14,153.16,776.0699999999999,48.07,Boise,Idaho,Boise-State-University-(BSU),Western,"$40,800.00-","$69,500.00-","$37,400.00-","$48,700.00-","$87,500.00-","$110,000.00-",https://www.payscale.com/cost-of-living-calculator/Idaho-Boise
82,252963.0,792.42,154.41,2.27,15.350000000000001,164.6,638.72,45.76,Cleveland,Tennessee,"Lee-University-(Cleveland,-TN)",Southern,"$34,500.00-","$53,900.00-",,"$44,500.00-","$76,800.00-",,https://www.payscale.com/cost-of-living-calculator/Tennessee-Cleveland
83,448032.0,1403.0,201.36,2.99,16.27,214.64,901.42,66.24,Lowell,Massachusetts,University-of-Massachusetts-(UMass)---Lowell,Northeastern,"$45,400.00-","$86,600.00-","$50,900.00-","$65,000.00-","$113,000.00-","$158,000.00-",https://www.payscale.com/cost-of-living-calculator/Massachusetts-Lowell
84,433403.0,1358.0,195.49,2.82,14.73,208.39,808.35,56.77,Portland,Maine,University-of-Southern-Maine,Northeastern,"$39,400.00-","$63,600.00-","$40,400.00-","$47,900.00-","$85,700.00-","$117,000.00-",https://www.payscale.com/cost-of-living-calculator/Maine-Portland
85,860907.0,2697.0,210.75,2.91,17.72,224.65,871.39,55.07,San Jose,California,San-Jose-State-University-(SJSU),California,"$53,500.00-","$95,600.00-","$50,700.00-","$70,500.00-","$122,000.00-","$156,000.00-",https://www.payscale.com/cost-of-living-calculator/California-San-Jose
86,544805.0,1707.0,156.76,2.75,14.370000000000001,167.1,790.34,55.28,Golden,Colorado,Colorado-School-of-Mines,Western,"$58,100.00-","$106,000.00-","$62,200.00-","$87,900.00-","$142,000.00-","$201,000.00-",https://www.payscale.com/cost-of-living-calculator/Colorado-Golden
87,316117.0,990.26,150.73,2.62,14.23,160.67,613.21,53.37,Nashville,Tennessee,Vanderbilt-University,Southern,"$51,200.00-","$104,000.00-","$49,900.00-","$68,100.00-","$147,000.00-","$222,000.00-",https://www.payscale.com/cost-of-living-calculator/Tennessee-Nashville
88,306401.0,959.82,175.54,2.68,16.32,187.12,759.5600000000001,54.56,Cleveland,Ohio,Case-Western-Reserve-University,Midwestern,"$56,200.00-","$96,500.00-","$54,900.00-","$76,500.00-","$123,000.00-","$168,000.00-",https://www.payscale.com/cost-of-living-calculator/Ohio-Cleveland
89,306401.0,959.82,175.54,2.68,16.32,187.12,759.5600000000001,54.56,Cleveland,Ohio,Cleveland-State-University,Midwestern,"$43,500.00-","$73,100.00-","$39,500.00-","$51,600.00-","$97,000.00-","$137,000.00-",https://www.payscale.com/cost-of-living-calculator/Ohio-Cleveland
90,274824.0,860.9,161.62,2.85,14.16,172.29,830.8800000000001,52.4,Eau Claire,Wisconsin,University-of-Wisconsin-(UW)---Eau-Claire,Midwestern,"$41,400.00-","$64,800.00-","$35,000.00-","$47,300.00-","$93,100.00-","$125,000.00-",https://www.payscale.com/cost-of-living-calculator/Wisconsin-Eau-Claire
91,537002.0,1682.0,130.27,2.53,14.510000000000002,138.87,691.26,50.13,Granville,Ohio,Denison-University,Midwestern,"$42,000.00-","$83,500.00-",,"$62,100.00-","$122,000.00-",,https://www.payscale.com/cost-of-living-calculator/Ohio-Granville
92,282423.0,884.71,178.22,2.4,12.97,189.98,809.8599999999999,52.09,Ashland,Virginia,Randolph-Macon-College,Southern,"$42,600.00-","$83,600.00-",,"$54,100.00-","$123,000.00-",,https://www.payscale.com/cost-of-living-calculator/Virginia-Ashland
93,210282.0,658.72,145.03,2.61,11.83,154.59,680.01,43.9,Kalamazoo,Michigan,Western-Michigan-University-(WMU),Midwestern,"$42,300.00-","$73,800.00-","$40,100.00-","$52,500.00-","$103,000.00-","$135,000.00-",https://www.payscale.com/cost-of-living-calculator/Michigan-Kalamazoo
94,305360.0,956.56,165.98,2.7,13.56,176.93,736.3,55.02,Peoria,Illinois,Bradley-University,Midwestern,"$47,000.00-","$87,300.00-","$45,900.00-","$64,900.00-","$113,000.00-","$151,000.00-",https://www.payscale.com/cost-of-living-calculator/Illinois-Peoria
95,417441.0,1308.0,213.6,2.56,14.620000000000001,227.69,886.4100000000001,61.97,Fitchburg,Massachusetts,Fitchburg-State-College,Northeastern,"$42,400.00-","$72,600.00-","$43,300.00-","$56,100.00-","$99,600.00-","$151,000.00-",https://www.payscale.com/cost-of-living-calculator/Massachusetts-Fitchburg
96,165415.0,518.17,150.73,2.62,14.23,160.67,613.21,53.37,Tusculum,Tennessee,Tusculum-College,Southern,"$36,900.00-","$55,500.00-","$36,200.00-","$43,000.00-","$87,300.00-","$124,000.00-",https://www.payscale.com/cost-of-living-calculator/Tennessee-Tusculum
97,266496.0,834.82,130.27,2.53,14.510000000000002,138.87,691.26,50.13,Columbus,Ohio,Ohio-State-University-(OSU),Midwestern,"$44,900.00-","$83,700.00-","$45,500.00-","$60,700.00-","$116,000.00-","$162,000.00-",https://www.payscale.com/cost-of-living-calculator/Ohio-Columbus
98,271354.0,850.03,183.92,2.57,15.379999999999999,196.06,676.25,61.04,Tuscaloosa,Alabama,"University-of-Alabama,-Tuscaloosa",Southern,"$41,300.00-","$81,400.00-","$40,100.00-","$56,500.00-","$117,000.00-","$161,000.00-",https://www.payscale.com/cost-of-living-calculator/Alabama-Tuscaloosa
99,449365.0,1408.0,208.74,3.0,17.05,222.51,793.34,55.18,Philadelphia,Pennsylvania,University-of-Pennsylvania,Northeastern,"$60,900.00-","$120,000.00-","$55,900.00-","$79,200.00-","$192,000.00-","$282,000.00-",https://www.payscale.com/cost-of-living-calculator/Pennsylvania-Philadelphia
100,449365.0,1408.0,208.74,3.0,17.05,222.51,793.34,55.18,Philadelphia,Pennsylvania,Drexel-University,Northeastern,"$53,400.00-","$93,500.00-","$54,900.00-","$72,500.00-","$122,000.00-","$161,000.00-",https://www.payscale.com/cost-of-living-calculator/Pennsylvania-Philadelphia
101,449365.0,1408.0,208.74,3.0,17.05,222.51,793.34,55.18,Philadelphia,Pennsylvania,Pennsylvania-State-University-(PSU),Northeastern,"$49,900.00-","$85,700.00-","$46,300.00-","$62,000.00-","$117,000.00-","$160,000.00-",https://www.payscale.com/cost-of-living-calculator/Pennsylvania-Philadelphia
102,449365.0,1408.0,208.74,3.0,17.05,222.51,793.34,55.18,Philadelphia,Pennsylvania,La-Salle-University-(Philadelphia),Northeastern,"$43,400.00-","$84,700.00-","$45,300.00-","$57,500.00-","$106,000.00-","$151,000.00-",https://www.payscale.com/cost-of-living-calculator/Pennsylvania-Philadelphia
103,449365.0,1408.0,208.74,3.0,17.05,222.51,793.34,55.18,Philadelphia,Pennsylvania,Philadelphia-University,Northeastern,"$45,100.00-","$80,300.00-","$45,800.00-","$61,900.00-","$108,000.00-","$141,000.00-",https://www.payscale.com/cost-of-living-calculator/Pennsylvania-Philadelphia
104,348388.0,1091.0,121.72,2.66,14.68,129.75,832.38,51.37,Orem,Utah,Utah-Valley-State-College,Western,"$42,400.00-","$67,100.00-",,"$44,100.00-","$84,900.00-",,https://www.payscale.com/cost-of-living-calculator/Utah-Orem
105,249146.0,780.47,150.06,2.19,12.63,159.95,655.99,44.01,Knoxville,Tennessee,University-of-Tennessee,Southern,"$43,800.00-","$74,600.00-","$41,900.00-","$53,200.00-","$106,000.00-","$153,000.00-",https://www.payscale.com/cost-of-living-calculator/Tennessee-Knoxville
106,266496.0,834.82,190.29,2.52,13.37,202.85,708.52,48.43,Champaign,Illinois,University-of-Illinois-at-Urbana-Champaign-(UIUC),Midwestern,"$52,900.00-","$96,100.00-","$48,200.00-","$68,900.00-","$132,000.00-","$177,000.00-",https://www.payscale.com/cost-of-living-calculator/Illinois-Champaign
107,284193.0,890.25,183.25,2.47,16.04,195.34,740.06,49.72,Laramie,Wyoming,University-of-Wyoming-(UW),Western,"$44,500.00-","$78,700.00-","$41,500.00-","$54,000.00-","$105,000.00-","$145,000.00-",https://www.payscale.com/cost-of-living-calculator/Wyoming-Laramie
108,228326.0,715.25,173.03,2.33,13.37,184.44,636.47,44.62,Memphis,Tennessee,University-of-Memphis-(U-of-M),Southern,"$41,400.00-","$69,700.00-","$36,100.00-","$49,100.00-","$93,500.00-","$127,000.00-",https://www.payscale.com/cost-of-living-calculator/Tennessee-Memphis
109,341022.0,1068.0,140.67,2.91,14.94,149.95,815.11,49.46,Dekalb,Illinois,Northern-Illinois-University-(NIU),Midwestern,"$43,600.00-","$80,800.00-","$43,900.00-","$60,200.00-","$111,000.00-","$161,000.00-",https://www.payscale.com/cost-of-living-calculator/Illinois-Dekalb
110,426457.0,1336.0,213.6,2.56,14.620000000000001,227.69,886.4100000000001,61.97,Worcester,Massachusetts,Worcester-Polytechnic-Institute-(WPI),Northeastern,"$61,000.00-","$114,000.00-","$80,000.00-","$91,200.00-","$137,000.00-","$180,000.00-",https://www.payscale.com/cost-of-living-calculator/Massachusetts-Worcester
111,426457.0,1336.0,213.6,2.56,14.620000000000001,227.69,886.4100000000001,61.97,Worcester,Massachusetts,College-of-the-Holy-Cross,Northeastern,"$50,200.00-","$106,000.00-",,"$65,600.00-","$143,000.00-",,https://www.payscale.com/cost-of-living-calculator/Massachusetts-Worcester
112,498986.0,1563.0,165.31,2.93,15.469999999999999,176.22,728.05,52.19,Miami,Florida,Florida-International-University-(FIU),Southern,"$43,200.00-","$75,500.00-","$40,500.00-","$55,800.00-","$98,200.00-","$136,000.00-",https://www.payscale.com/cost-of-living-calculator/Florida-Miami
113,1046899.0,3279.0,316.71,3.52,23.770000000000003,337.6,869.8900000000001,66.55,Honolulu,Hawaii,University-of-Hawaii,Western,"$43,800.00-","$76,000.00-","$40,400.00-","$56,300.00-","$104,000.00-","$128,000.00-",https://www.payscale.com/cost-of-living-calculator/Hawaii-Honolulu
114,261985.0,820.69,147.37,2.72,13.8,157.09,640.97,47.51,Cedar City,Utah,Southern-Utah-University,Western,"$41,900.00-","$56,500.00-",,"$39,700.00-","$78,400.00-",,https://www.payscale.com/cost-of-living-calculator/Utah-Cedar-City
115,345219.0,1081.0,168.67,2.74,13.61,179.79,732.55,57.54,Arlington,Texas,University-of-Texas-at-Arlington-(UTA),Southern,"$45,400.00-","$80,800.00-","$46,400.00-","$61,200.00-","$106,000.00-","$138,000.00-",https://www.payscale.com/cost-of-living-calculator/Texas-Arlington
116,308483.0,966.34,186.44,2.45,14.99,198.74,662.0,48.69,Orlando,Florida,University-of-Central-Florida-(UCF),Southern,"$42,600.00-","$71,700.00-","$39,500.00-","$51,500.00-","$98,400.00-","$125,000.00-",https://www.payscale.com/cost-of-living-calculator/Florida-Orlando
117,348388.0,1091.0,121.72,2.66,14.68,129.75,832.38,51.37,Provo,Utah,Brigham-Young-University-(BYU),Western,"$49,400.00-","$88,600.00-","$50,600.00-","$68,500.00-","$119,000.00-","$164,000.00-",https://www.payscale.com/cost-of-living-calculator/Utah-Provo
118,978750.0,3066.0,208.74,3.0,17.05,222.51,793.34,55.18,Swarthmore,Pennsylvania,Swarthmore-College,Northeastern,"$49,700.00-","$104,000.00-",,"$67,200.00-","$167,000.00-",,https://www.payscale.com/cost-of-living-calculator/Pennsylvania-Swarthmore
119,320975.0,1005.0,149.55,2.47,13.400000000000002,159.42,740.06,52.6,Lexington,Kentucky,University-of-Kentucky-(UK),Southern,"$42,800.00-","$78,300.00-","$43,000.00-","$57,300.00-","$107,000.00-","$149,000.00-",https://www.payscale.com/cost-of-living-calculator/Kentucky-Lexington
120,539932.0,1691.0,151.23,3.3,15.889999999999999,161.21,760.32,59.09,Chicago,Illinois,University-Of-Chicago,Midwestern,"$53,400.00-","$113,000.00-","$62,200.00-","$83,300.00-","$174,000.00-","$255,000.00-",https://www.payscale.com/cost-of-living-calculator/Illinois-Chicago
121,539932.0,1691.0,151.23,3.3,15.889999999999999,161.21,760.32,59.09,Chicago,Illinois,Illinois-Institute-of-Technology-(IIT),Midwestern,"$56,000.00-","$97,800.00-","$56,100.00-","$77,400.00-","$121,000.00-","$165,000.00-",https://www.payscale.com/cost-of-living-calculator/Illinois-Chicago
122,539932.0,1691.0,151.23,3.3,15.889999999999999,161.21,760.32,59.09,Chicago,Illinois,DePaul-University,Midwestern,"$46,400.00-","$84,800.00-","$50,300.00-","$63,900.00-","$115,000.00-","$160,000.00-",https://www.payscale.com/cost-of-living-calculator/Illinois-Chicago
123,539932.0,1691.0,151.23,3.3,15.889999999999999,161.21,760.32,59.09,Chicago,Illinois,University-of-Illinois-at-Chicago,Midwestern,"$47,500.00-","$81,700.00-","$44,700.00-","$58,800.00-","$110,000.00-","$146,000.00-",https://www.payscale.com/cost-of-living-calculator/Illinois-Chicago
124,528481.0,1656.0,166.15,2.82,15.049999999999999,177.11,725.8,52.86,Fort Lauderdale,Florida,Florida-Metropolitan-University-(FMU),Southern,"$36,600.00-","$51,000.00-","$32,800.00-","$36,800.00-","$70,400.00-","$102,000.00-",https://www.payscale.com/cost-of-living-calculator/Florida-Fort-Lauderdale
125,225203.0,705.46,197.84,2.57,13.89,210.89,684.51,53.22,Tulsa,Oklahoma,University-of-Tulsa,Southern,"$42,400.00-","$88,700.00-","$42,300.00-","$60,300.00-","$120,000.00-","$197,000.00-",https://www.payscale.com/cost-of-living-calculator/Oklahoma-Tulsa
126,243247.0,761.99,166.65,2.27,14.45,177.65,740.8,48.54,Springfield,Missouri,Missouri-State-University-(MSU),Midwestern,"$36,100.00-","$69,500.00-","$33,300.00-","$46,900.00-","$102,000.00-","$134,000.00-",https://www.payscale.com/cost-of-living-calculator/Missouri-Springfield
127,351858.0,1102.0,144.69,2.74,14.29,154.24,676.25,50.23,New Orleans,Louisiana,Tulane-University,Southern,"$49,100.00-","$95,800.00-","$46,500.00-","$64,400.00-","$134,000.00-","$185,000.00-",https://www.payscale.com/cost-of-living-calculator/Louisiana-New-Orleans
128,510784.0,1600.0,173.7,2.93,18.439999999999998,185.15,1079.31,63.21,Anchorage,Alaska,"University-of-Alaska,-Anchorage",Western,"$45,900.00-","$72,600.00-","$39,800.00-","$56,600.00-","$99,300.00-","$137,000.00-",https://www.payscale.com/cost-of-living-calculator/Alaska-Anchorage
129,283499.0,888.08,162.97,2.47,14.370000000000001,173.72,752.81,49.77,Columbia,Missouri,University-of-Missouri---Columbia,Midwestern,"$41,700.00-","$81,000.00-","$43,500.00-","$57,100.00-","$111,000.00-","$156,000.00-",https://www.payscale.com/cost-of-living-calculator/Missouri-Columbia
130,317505.0,994.61,184.43,2.78,16.21,196.59,704.03,50.13,Pittsburgh,Pennsylvania,Carnegie-Mellon-University-(CMU),Northeastern,"$61,800.00-","$111,000.00-","$63,300.00-","$80,100.00-","$150,000.00-","$209,000.00-",https://www.payscale.com/cost-of-living-calculator/Pennsylvania-Pittsburgh
131,317505.0,994.61,184.43,2.78,16.21,196.59,704.03,50.13,Pittsburgh,Pennsylvania,Duquesne-University,Northeastern,"$40,700.00-","$84,400.00-","$42,600.00-","$59,500.00-","$107,000.00-","$131,000.00-",https://www.payscale.com/cost-of-living-calculator/Pennsylvania-Pittsburgh
132,1356983.0,4251.0,236.57,2.89,15.52,252.17,1014.76,66.81,Wellesley,Massachusetts,Wellesley-College,Northeastern,"$42,800.00-","$83,500.00-",,"$58,600.00-","$125,000.00-",,https://www.payscale.com/cost-of-living-calculator/Massachusetts-Wellesley
133,263026.0,823.95,158.61,2.22,13.7,169.07,663.5,50.49,Fayetteville,Arkansas,University-of-Arkansas,Southern,"$44,100.00-","$82,800.00-","$43,200.00-","$60,700.00-","$113,000.00-","$160,000.00-",https://www.payscale.com/cost-of-living-calculator/Arkansas-Fayetteville
134,820543.0,2570.0,180.74,3.42,16.45,192.66,824.87,54.97,Claremont,California,Harvey-Mudd-College,California,"$71,800.00-","$122,000.00-",,"$96,000.00-","$180,000.00-",,https://www.payscale.com/cost-of-living-calculator/California-Claremont
135,820543.0,2570.0,180.74,3.42,16.45,192.66,824.87,54.97,Claremont,California,Pomona-College,California,"$48,600.00-","$101,000.00-",,"$63,300.00-","$161,000.00-",,https://www.payscale.com/cost-of-living-calculator/California-Claremont
136,266843.0,835.9,194.99,2.77,14.68,207.85,737.8,49.93,Tampa,Florida,University-of-South-Florida-(USF),Southern,"$41,100.00-","$71,100.00-","$39,600.00-","$51,500.00-","$98,100.00-","$131,000.00-",https://www.payscale.com/cost-of-living-calculator/Florida-Tampa
137,277600.0,869.6,151.23,2.52,15.07,161.21,759.5600000000001,52.14,Tucson,Arizona,University-of-Arizona,Western,"$47,500.00-","$86,100.00-","$44,800.00-","$61,700.00-","$117,000.00-","$160,000.00-",https://www.payscale.com/cost-of-living-calculator/Arizona-Tucson
138,509743.0,1597.0,179.56,2.69,15.739999999999998,191.41,687.52,54.4,Baltimore,Maryland,University-of-Maryland-Baltimore-County-(UMBC),Southern,"$47,000.00-","$77,800.00-","$46,900.00-","$59,100.00-","$105,000.00-","$130,000.00-",https://www.payscale.com/cost-of-living-calculator/Maryland-Baltimore
139,331038.0,1037.0,133.63,2.79,13.319999999999999,142.44,748.31,46.22,Ames,Iowa,Iowa-State-University,Midwestern,"$45,400.00-","$84,600.00-","$44,400.00-","$60,000.00-","$109,000.00-","$147,000.00-",https://www.payscale.com/cost-of-living-calculator/Iowa-Ames
140,294256.0,921.78,149.39,2.39,13.84,159.24,710.03,48.79,Manhattan,Kansas,Kansas-State-University-(KSU),Midwestern,"$43,300.00-","$79,000.00-","$37,200.00-","$54,100.00-","$106,000.00-","$138,000.00-",https://www.payscale.com/cost-of-living-calculator/Kansas-Manhattan
141,817185.0,2560.0,192.64,3.36,16.57,205.35,806.8499999999999,52.55,San Diego,California,"University-of-California,-San-Diego-(UCSD)",California,"$51,100.00-","$101,000.00-","$51,700.00-","$75,400.00-","$131,000.00-","$177,000.00-",https://www.payscale.com/cost-of-living-calculator/California-San-Diego
142,817185.0,2560.0,192.64,3.36,16.57,205.35,806.8499999999999,52.55,San Diego,California,San-Diego-State-University-(SDSU),California,"$46,200.00-","$85,200.00-","$45,500.00-","$61,800.00-","$116,000.00-","$158,000.00-",https://www.payscale.com/cost-of-living-calculator/California-San-Diego
143,281070.0,880.47,172.86,2.62,13.37,184.26,780.5799999999999,47.56,Green Bay,Wisconsin,University-of-Wisconsin-(UW)---Green-Bay,Midwestern,"$35,800.00-","$60,600.00-","$35,500.00-","$46,800.00-","$81,800.00-","$102,000.00-",https://www.payscale.com/cost-of-living-calculator/Wisconsin-Green-Bay
144,407378.0,1276.0,157.1,2.57,16.2,167.46,935.2,48.9,Ann Arbor,Michigan,University-of-Michigan,Midwestern,"$52,700.00-","$93,000.00-","$50,900.00-","$69,400.00-","$128,000.00-","$182,000.00-",https://www.payscale.com/cost-of-living-calculator/Michigan-Ann-Arbor
145,341101.0,1069.0,123.57,2.54,14.25,131.72,766.3199999999999,48.54,Colorado Springs,Colorado,Colorado-College-(CC),Western,"$38,500.00-","$81,400.00-",,"$43,000.00-","$148,000.00-",,https://www.payscale.com/cost-of-living-calculator/Colorado-Colorado-Springs
146,546401.0,1712.0,162.63,2.85,14.899999999999999,173.36,631.23,43.29,Kent,Ohio,Kent-State-University,Midwestern,"$38,700.00-","$62,600.00-","$36,100.00-","$45,800.00-","$87,000.00-","$124,000.00-",https://www.payscale.com/cost-of-living-calculator/Ohio-Kent
147,854777.0,2678.0,151.23,3.3,15.889999999999999,161.21,760.32,59.09,Evanston,Illinois,Northwestern-University,Midwestern,"$52,700.00-","$95,900.00-","$51,900.00-","$69,100.00-","$144,000.00-","$205,000.00-",https://www.payscale.com/cost-of-living-calculator/Illinois-Evanston
148,379618.0,1189.0,176.38,2.8,15.11,188.01,918.68,54.61,Madison,Wisconsin,University-of-Wisconsin-(UW)---Madison,Midwestern,"$48,900.00-","$87,800.00-","$47,400.00-","$62,400.00-","$118,000.00-","$170,000.00-",https://www.payscale.com/cost-of-living-calculator/Wisconsin-Madison
149,258168.0,808.73,183.92,2.49,14.100000000000001,196.06,725.05,55.12,Huntsville,Alabama,University-of-Alabama-at-Huntsville-(UAH),Southern,"$43,100.00-","$82,700.00-","$46,100.00-","$67,800.00-","$106,000.00-","$132,000.00-",https://www.payscale.com/cost-of-living-calculator/Alabama-Huntsville
150,673874.0,2111.0,206.39,3.47,18.6,220.0,932.2,69.64,Seattle,Washington,University-of-Washington-(UW),Western,"$48,800.00-","$85,300.00-","$47,000.00-","$59,800.00-","$115,000.00-","$149,000.00-",https://www.payscale.com/cost-of-living-calculator/Washington-Seattle
151,673874.0,2111.0,206.39,3.47,18.6,220.0,932.2,69.64,Seattle,Washington,Seattle-University,Western,"$48,300.00-","$82,800.00-","$50,600.00-","$62,400.00-","$110,000.00-","$150,000.00-",https://www.payscale.com/cost-of-living-calculator/Washington-Seattle
152,1128030.0,3534.0,190.46,3.4,18.42,203.03,923.9300000000001,62.69,Berkeley,California,"University-of-California,-Berkeley",California,"$59,900.00-","$112,000.00-","$59,500.00-","$81,000.00-","$149,000.00-","$201,000.00-",https://www.payscale.com/cost-of-living-calculator/California-Berkeley
153,271701.0,851.12,155.25,2.66,15.280000000000001,165.49,726.55,45.04,El Paso,Texas,University-of-Texas-at-El-Paso-(UTEP),Southern,"$43,400.00-","$72,100.00-","$37,700.00-","$50,400.00-","$99,500.00-","$133,000.00-",https://www.payscale.com/cost-of-living-calculator/Texas-El-Paso
154,399656.0,1252.0,175.04,2.26,12.99,186.58,668.0,48.9,Clinton,Mississippi,Mississippi-College,Southern,"$35,400.00-","$60,400.00-",,"$43,900.00-","$80,400.00-",,https://www.payscale.com/cost-of-living-calculator/Mississippi-Clinton
155,257821.0,807.64,146.03,2.26,13.299999999999999,155.67,613.21,45.91,Jonesboro,Arkansas,Arkansas-State-University-(ASU),Southern,"$38,700.00-","$63,300.00-","$33,600.00-","$45,300.00-","$83,900.00-","$118,000.00-",https://www.payscale.com/cost-of-living-calculator/Arkansas-Jonesboro
156,376495.0,1179.0,159.11,2.24,15.52,169.61,829.37,59.86,Charlottesville,Virginia,University-of-Virginia-(UVA),Southern,"$52,700.00-","$103,000.00-","$52,200.00-","$71,800.00-","$146,000.00-","$215,000.00-",https://www.payscale.com/cost-of-living-calculator/Virginia-Charlottesville
157,315423.0,988.08,144.36,2.43,16.13,153.88,739.3,51.06,Tallahassee,Florida,Florida-State-University-(FSU),Southern,"$42,100.00-","$73,000.00-","$39,600.00-","$52,800.00-","$107,000.00-","$156,000.00-",https://www.payscale.com/cost-of-living-calculator/Florida-Tallahassee
158,616230.0,1930.0,161.62,2.94,14.77,172.29,852.64,60.58,Middletown,Connecticut,"Wesleyan-University-(Middletown,-Connecticut)",Northeastern,"$46,500.00-","$97,900.00-","$42,000.00-","$62,500.00-","$126,000.00-","$215,000.00-",https://www.payscale.com/cost-of-living-calculator/Connecticut-Middletown
159,336194.0,1053.0,126.75,2.93,14.23,135.11,851.8900000000001,50.23,Cheney,Washington,Eastern-Washington-University,Western,"$38,600.00-","$70,900.00-","$36,000.00-","$50,500.00-","$93,100.00-","$117,000.00-",https://www.payscale.com/cost-of-living-calculator/Washington-Cheney
160,244957.0,767.34,208.74,3.0,17.05,222.51,793.34,55.18,Chester,Pennsylvania,Widener-University,Northeastern,"$52,900.00-","$83,400.00-","$42,600.00-","$61,400.00-","$106,000.00-","$138,000.00-",https://www.payscale.com/cost-of-living-calculator/Pennsylvania-Chester
161,286622.0,897.86,120.21,2.66,14.12,128.14,768.5699999999999,53.22,Lincoln,Nebraska,University-of-Nebraska,Midwestern,"$45,700.00-","$80,900.00-","$42,200.00-","$56,600.00-","$113,000.00-","$156,000.00-",https://www.payscale.com/cost-of-living-calculator/Nebraska-Lincoln
162,311953.0,977.21,216.11,2.47,13.190000000000001,230.37,683.01,50.23,Beaumont,Texas,Lamar-University,Southern,"$46,500.00-","$79,400.00-","$38,700.00-","$51,600.00-","$114,000.00-","$158,000.00-",https://www.payscale.com/cost-of-living-calculator/Texas-Beaumont
163,237695.0,744.6,166.99,2.26,12.57,178.01,672.51,51.83,Cookeville,Tennessee,Tennessee-Technological-University,Southern,"$46,200.00-","$80,000.00-","$42,100.00-","$62,600.00-","$99,500.00-","$121,000.00-",https://www.payscale.com/cost-of-living-calculator/Tennessee-Cookeville
164,474696.0,1487.0,149.72,3.2,17.13,159.6,778.3399999999999,56.15,Sacramento,California,"California-State-University,-Sacramento-(CSUS)",California,"$47,800.00-","$82,400.00-","$42,900.00-","$59,600.00-","$111,000.00-","$154,000.00-",https://www.payscale.com/cost-of-living-calculator/California-Sacramento
